{
  "lang":"en",
  "name":"pipeline",
  "version":"0.0.0",
  "spacy_version":">=3.5.3,<3.6.0",
  "description":"",
  "author":"",
  "email":"",
  "url":"",
  "license":"",
  "spacy_git_version":"512241e12",
  "vectors":{
    "width":0,
    "vectors":0,
    "keys":0,
    "name":null,
    "mode":"default"
  },
  "labels":{
    "textcat":[
      "royal_household",
      "royals",
      "aristocracy",
      "public_officials",
      "clergy",
      "military",
      "untitled",
      "other"
    ]
  },
  "pipeline":[
    "textcat"
  ],
  "components":[
    "textcat"
  ],
  "disabled":[

  ],
  "performance":{
    "cats_score":0.8486559483,
    "cats_score_desc":"macro F",
    "cats_micro_p":0.8884892086,
    "cats_micro_r":0.8884892086,
    "cats_micro_f":0.8884892086,
    "cats_macro_p":0.8656285407,
    "cats_macro_r":0.8389292988,
    "cats_macro_f":0.8486559483,
    "cats_macro_auc":0.9738268782,
    "cats_f_per_type":{
      "royal_household":{
        "p":0.6666666667,
        "r":0.6666666667,
        "f":0.6666666667
      },
      "royals":{
        "p":0.9523809524,
        "r":0.8888888889,
        "f":0.9195402299
      },
      "aristocracy":{
        "p":0.9027777778,
        "r":0.9558823529,
        "f":0.9285714286
      },
      "public_officials":{
        "p":0.7446808511,
        "r":0.9210526316,
        "f":0.8235294118
      },
      "clergy":{
        "p":1.0,
        "r":0.8823529412,
        "f":0.9375
      },
      "military":{
        "p":0.9574468085,
        "r":0.9375,
        "f":0.9473684211
      },
      "untitled":{
        "p":0.9677419355,
        "r":0.9090909091,
        "f":0.9375
      },
      "other":{
        "p":0.7333333333,
        "r":0.55,
        "f":0.6285714286
      }
    },
    "textcat_loss":0.746218113
  }
}